The data,Region,Electricity consumption of the grid,Primary energy consumption before ,Current inverter set power,Inverter power in project,Electricity produced by solar panels,Primary energy consumption after ,Reduction of primary energy,CO2 emissions reduction
2023,Rīga,4.65,11.63,0.0,10.0,9.09,-2.01,13.64,0.99
2023,Latgale,8.21,20.53,0.0,8.0,8.21,8.21,12.32,0.89
2023,Vidzeme,3.52,8.8,0.0,3.0,3.0,4.3,4.5,0.33
2023,Vidzeme,10.9,27.25,0.0,11.7,10.55,11.43,15.83,1.15
2023,Rīga,14.28,35.7,0.0,10.0,8.7,22.65,13.05,0.95
2023,Rīga,4.79,11.98,0.0,10.0,6.44,2.32,9.66,0.7
2023,Rīga,7.87,19.68,0.0,11.34,10.0,4.68,15.0,1.09
2023,Rīga,13.91,34.78,0.0,10.0,13.8,14.08,20.7,1.5
2023,Kurzeme,16.41,41.03,0.0,11.0,12.87,21.72,19.31,1.4
2023,Rīga,4.04,10.1,3.75,4.2,4.87,2.8,7.31,0.53
2023,Zemgale,5.06,12.65,0.0,6.0,6.13,3.46,9.2,0.67
2023,Latgale,1.91,4.78,0.0,4.0,4.0,-1.23,6.0,0.44
2023,Rīga,5.62,14.05,0.0,8.0,5.0,6.55,7.5,0.55
2023,Rīga,13.2,33.0,0.0,10.0,10.0,18.0,15.0,1.09
2023,Kurzeme,7.63,19.08,0.0,8.0,8.6,6.18,12.9,0.94
2023,Rīga,4.67,11.68,0.0,6.0,5.31,3.71,7.97,0.58
2023,Rīga,10.84,27.1,0.0,10.0,11.04,10.54,16.56,1.2
2023,Kurzeme,2.87,7.18,0.0,6.7,7.5,-4.08,11.25,0.82
2023,Latgale,4.57,11.43,0.0,5.0,4.7,4.38,7.05,0.51
2023,Rīga,7.29,18.23,0.0,8.0,7.04,7.67,10.56,0.77
2023,Kurzeme,3.1,7.75,0.0,8.0,7.68,-3.77,11.52,0.84
2023,Rīga,6.27,15.68,0.0,3.68,3.77,10.02,5.66,0.41
2023,Zemgale,2.83,7.08,0.0,10.0,8.3,-5.38,12.45,0.9
2023,Rīga,4.63,11.58,0.0,6.0,4.8,4.38,7.2,0.52
2023,Rīga,7.26,18.15,0.0,8.0,8.11,5.99,12.17,0.88
2023,Rīga,7.6,19.0,0.0,4.0,2.54,15.19,3.81,0.28
2023,Rīga,5.95,14.88,0.0,8.0,7.8,3.18,11.7,0.85
2023,Rīga,21.08,52.7,0.0,11.1,12.0,34.7,18.0,1.31
2023,Rīga,5.77,14.43,0.0,3.68,4.68,7.41,7.02,0.51
2023,Rīga,3.13,7.83,0.0,10.0,7.8,-3.88,11.7,0.85
2023,Kurzeme,8.59,21.48,0.0,9.0,9.93,6.58,14.9,1.08
2023,Rīga,6.4,16.0,0.0,8.0,6.23,6.66,9.35,0.68
2023,Rīga,5.44,13.6,0.0,4.0,4.05,7.53,6.08,0.44
2023,Rīga,6.63,16.58,0.0,8.0,8.69,3.54,13.04,0.95
2023,Vidzeme,9.23,23.08,6.0,11.0,5.67,14.57,8.51,0.62
2023,Zemgale,4.42,11.05,0.0,11.0,9.98,-3.92,14.97,1.09
2023,Rīga,1.67,4.18,0.0,10.0,5.21,-3.64,7.82,0.57
2023,Rīga,4.67,11.68,0.0,6.0,5.3,3.73,7.95,0.58
2023,Zemgale,2.14,5.35,0.0,6.0,6.18,-3.92,9.27,0.67
2023,Rīga,3.66,9.15,0.0,2.2,3.05,4.58,4.58,0.33
2023,Rīga,1.59,3.98,0.0,7.6,9.98,-11.0,14.97,1.09
2023,Rīga,13.07,32.68,0.0,8.0,8.1,20.53,12.15,0.88
2023,Rīga,4.82,12.05,0.0,10.0,10.3,-3.4,15.45,1.12
2023,Rīga,7.7,19.25,0.0,11.0,12.0,1.25,18.0,1.31
2023,Vidzeme,7.89,19.73,0.0,8.0,8.17,7.47,12.26,0.89
2023,Rīga,10.49,26.23,0.0,11.0,10.71,10.16,16.07,1.17
2023,Rīga,8.42,21.05,0.0,10.0,8.69,8.02,13.04,0.95
2023,Kurzeme,5.35,13.38,0.0,8.8,8.27,0.97,12.41,0.9
2023,Zemgale,6.82,17.05,0.0,10.0,8.3,4.6,12.45,0.9
2023,Rīga,7.32,18.3,0.0,8.0,7.8,6.6,11.7,0.85
2023,Kurzeme,9.77,24.43,0.0,10.0,10.17,9.17,15.26,1.11
2023,Rīga,10.76,26.9,0.0,11.1,10.4,11.3,15.6,1.13
2023,Rīga,11.14,27.85,0.0,10.0,9.5,13.6,14.25,1.04
2023,Kurzeme,3.69,9.23,0.0,11.1,11.65,-8.25,17.48,1.27
2023,Rīga,3.22,8.05,0.0,5.4,4.86,0.76,7.29,0.53
2023,Zemgale,5.26,13.15,0.0,3.68,4.05,7.08,6.08,0.44
2023,Rīga,6.71,16.78,0.0,7.68,6.97,6.32,10.46,0.76
2023,Latgale,3.36,8.4,0.0,10.0,8.7,-4.65,13.05,0.95
2023,Rīga,3.83,9.58,0.0,6.0,5.5,1.33,8.25,0.6
2023,Rīga,5.43,13.58,0.0,8.0,6.9,3.23,10.35,0.75
2023,Rīga,11.46,28.65,0.0,10.0,12.64,9.69,18.96,1.38
2023,Zemgale,6.34,15.85,0.0,10.0,8.23,3.51,12.35,0.9
2023,Rīga,4.71,11.78,0.0,11.1,9.9,-3.08,14.85,1.08
2023,Rīga,1.7,4.25,0.0,6.0,4.29,-2.19,6.44,0.47
2023,Zemgale,3.22,8.05,0.0,8.0,8.6,-4.85,12.9,0.94
2023,Rīga,4.19,10.48,0.0,9.0,3.78,4.81,5.67,0.41
2023,Rīga,7.91,19.78,0.0,10.0,11.9,1.93,17.85,1.3
2023,Zemgale,4.04,10.1,0.0,5.0,6.43,0.46,9.65,0.7
2023,Rīga,10.7,26.75,0.0,11.1,11.81,9.04,17.72,1.29
2023,Kurzeme,4.67,11.68,0.0,11.1,11.65,-5.8,17.48,1.27
2023,Zemgale,10.44,26.1,0.0,11.1,11.0,9.6,16.5,1.2
2023,Rīga,11.15,27.88,0.0,10.25,10.5,12.13,15.75,1.14
2023,Rīga,3.0,7.5,0.0,10.0,10.0,-7.5,15.0,1.09
2023,Rīga,4.98,12.45,0.0,11.1,10.5,-3.3,15.75,1.14
2023,Rīga,11.0,27.5,0.0,10.0,12.41,8.89,18.62,1.35
2023,Kurzeme,10.57,26.43,0.0,10.0,11.06,9.84,16.59,1.21
2023,Vidzeme,2.1,5.25,3.8,11.1,6.41,-4.37,9.62,0.7
2023,Rīga,5.17,12.93,0.0,8.5,8.1,0.78,12.15,0.88
2023,Rīga,18.06,45.15,0.0,11.1,14.23,23.81,21.35,1.55
2023,Rīga,4.43,11.08,0.0,8.0,6.9,0.72,10.35,0.75
2023,Rīga,12.99,32.48,0.0,11.1,13.68,11.96,20.52,1.49
2023,Latgale,4.65,11.63,0.0,8.0,7.08,1.01,10.62,0.77
2022,Rīga,3.58,8.95,0.0,11.1,9.42,-5.18,14.13,1.03
2023,Rīga,4.17,10.43,0.0,8.0,7.1,-0.23,10.65,0.77
2023,Zemgale,4.04,10.1,8.5,11.1,2.65,6.13,3.98,0.29
2023,Rīga,2.0,5.0,0.0,5.5,3.0,0.5,4.5,0.33
2023,Rīga,11.47,28.68,0.0,10.0,9.61,14.26,14.42,1.05
2023,Rīga,4.62,11.55,0.0,6.75,5.79,2.87,8.69,0.63
2023,Rīga,7.62,19.05,0.0,8.5,6.8,8.85,10.2,0.74
2023,Rīga,8.9,22.25,0.0,10.0,10.72,6.17,16.08,1.17
2023,Rīga,10.1,25.25,1.1,11.1,6.0,16.25,9.0,0.65
2023,Rīga,6.88,17.2,0.0,11.1,8.82,3.97,13.23,0.96
2023,Rīga,2.5,6.25,0.0,3.0,2.69,2.22,4.04,0.29
2023,Rīga,2.81,7.03,0.0,8.0,4.9,-0.33,7.35,0.53
2023,Rīga,4.67,11.68,0.0,8.0,8.1,-0.48,12.15,0.88
2023,Zemgale,2.85,7.13,0.0,6.0,5.53,-1.17,8.3,0.6
2023,Rīga,7.83,19.58,0.0,6.2,4.43,12.93,6.65,0.48
2023,Kurzeme,6.69,16.73,0.0,6.0,6.7,6.68,10.05,0.73
2023,Rīga,5.04,12.6,0.0,10.0,6.1,3.45,9.15,0.66
2023,Latgale,8.75,21.88,0.0,11.0,10.7,5.83,16.05,1.17
2023,Rīga,5.01,12.53,0.0,6.0,6.75,2.4,10.13,0.74
2022,Rīga,6.89,17.23,0.0,11.1,11.97,-0.73,17.96,1.3
2022,Rīga,2.62,6.55,0.0,5.0,5.32,-1.43,7.98,0.58
2022,Rīga,9.6,24.0,1.0,10.0,6.0,15.0,9.0,0.65
2022,Rīga,3.84,9.6,0.0,6.0,5.05,2.03,7.58,0.55
2022,Zemgale,2.4,6.0,0.0,11.1,12.0,-12.0,18.0,1.31
2022,Vidzeme,1.58,3.95,0.0,8.0,7.38,-7.12,11.07,0.8
2022,Vidzeme,5.09,12.73,0.0,10.0,9.9,-2.13,14.85,1.08
2022,Kurzeme,4.86,12.15,0.0,5.0,5.8,3.45,8.7,0.63
2022,Rīga,3.25,8.13,0.0,8.0,5.16,0.39,7.74,0.56
2022,Vidzeme,29.23,73.08,0.0,10.0,11.0,56.58,16.5,1.2
2022,Rīga,5.53,13.83,0.0,10.0,5.08,6.21,7.62,0.55
2022,Rīga,17.6,44.0,0.0,11.1,10.0,29.0,15.0,1.09
2022,Rīga,1.9,4.75,0.0,4.5,4.7,-2.3,7.05,0.51
2022,Latgale,3.06,7.65,0.0,10.0,6.77,-2.51,10.16,0.74
2022,Kurzeme,5.33,13.33,0.0,3.6,3.5,8.08,5.25,0.38
2022,Rīga,9.46,23.65,0.0,11.02,10.27,8.25,15.41,1.12
2022,Rīga,2.72,6.8,0.0,10.8,11.34,-10.21,17.01,1.24
2022,Rīga,17.46,43.65,0.0,10.0,11.22,26.82,16.83,1.22
2022,Vidzeme,10.32,25.8,0.0,10.0,7.2,15.0,10.8,0.78
2022,Rīga,4.72,11.8,0.0,6.8,6.12,2.62,9.18,0.67
2022,Rīga,2.25,5.63,0.0,11.0,8.73,-7.47,13.1,0.95
2022,Rīga,4.57,11.43,0.0,5.32,5.05,3.85,7.58,0.55
2022,Rīga,5.41,13.53,0.0,4.0,3.58,8.16,5.37,0.39
2022,Zemgale,5.64,14.1,0.0,6.0,4.5,7.35,6.75,0.49
2022,Zemgale,9.91,24.78,0.0,11.0,10.0,9.78,15.0,1.09
2022,Latgale,5.18,12.95,0.0,6.0,5.95,4.03,8.93,0.65
2022,Zemgale,2.88,7.2,0.0,9.8,9.2,-6.6,13.8,1.0
2022,Rīga,5.56,13.9,0.0,6.0,6.75,3.78,10.13,0.74
2022,Rīga,4.66,11.65,0.0,8.66,6.6,1.75,9.9,0.72
2022,Rīga,14.56,36.4,0.0,10.1,10.09,21.27,15.14,1.1
2022,Rīga,3.74,9.35,0.0,4.5,4.97,1.9,7.46,0.54
2022,Rīga,9.46,23.65,0.0,11.02,10.27,8.25,15.41,1.12
2022,Vidzeme,2.04,5.1,0.0,11.04,10.2,-10.2,15.3,1.11
2022,Rīga,6.53,16.33,0.0,6.0,7.29,5.39,10.94,0.79
2022,Kurzeme,3.5,8.75,0.0,3.6,4.0,2.75,6.0,0.44
2022,Rīga,7.31,18.28,0.0,8.8,8.0,6.28,12.0,0.87
2022,Rīga,11.44,28.6,0.0,11.0,11.04,12.04,16.56,1.2
2022,Rīga,15.55,38.88,0.0,11.1,12.95,19.45,19.43,1.41
2022,Rīga,9.5,23.75,0.0,11.1,11.95,5.83,17.93,1.3
2022,Vidzeme,12.37,30.93,6.0,11.0,5.67,22.42,8.51,0.62
2022,Rīga,7.14,17.85,0.0,8.0,7.5,6.6,11.25,0.82
2022,Vidzeme,5.25,13.13,0.0,11.0,11.04,-3.44,16.56,1.2
2022,Rīga,10.17,25.43,0.0,10.0,11.19,8.64,16.79,1.22
2022,Zemgale,6.81,17.03,0.0,11.0,10.0,2.03,15.0,1.09
2022,Zemgale,4.62,11.55,0.0,5.52,5.63,3.11,8.45,0.61
2022,Rīga,3.84,9.6,0.0,6.0,4.1,3.45,6.15,0.45
2022,Rīga,12.65,31.63,0.0,10.0,8.3,19.18,12.45,0.9
2022,Zemgale,7.18,17.95,0.0,6.0,5.3,10.0,7.95,0.58
2022,Rīga,12.76,31.9,0.0,11.1,9.7,17.35,14.55,1.06
2022,Rīga,8.8,22.0,0.0,8.0,8.0,10.0,12.0,0.87
2022,Rīga,5.66,14.15,0.0,8.0,6.9,3.8,10.35,0.75
2022,Latgale,3.56,8.9,0.0,6.0,6.0,-0.1,9.0,0.65
2022,Zemgale,2.2,5.5,0.0,3.0,3.0,1.0,4.5,0.33
2022,Rīga,12.3,30.75,0.0,11.1,11.0,14.25,16.5,1.2
2022,Rīga,3.32,8.3,0.0,3.69,4.07,2.2,6.11,0.44
2022,Rīga,10.24,25.6,0.0,10.0,7.59,14.22,11.39,0.83
2022,Rīga,4.3,10.75,0.0,4.55,4.5,4.0,6.75,0.49
2022,Rīga,5.56,13.9,0.0,11.0,11.19,-2.89,16.79,1.22
2022,Kurzeme,8.99,22.48,0.0,10.0,9.0,8.98,13.5,0.98
2022,Rīga,2.84,7.1,0.0,6.0,4.73,0.0,7.1,0.52
2022,Zemgale,2.2,5.5,0.0,3.0,3.0,1.0,4.5,0.33
2022,Rīga,8.48,21.2,0.0,11.0,12.0,3.2,18.0,1.31
2022,Rīga,2.0,5.0,0.0,4.5,4.3,-1.45,6.45,0.47
2022,Vidzeme,14.91,37.28,0.0,11.0,16.9,11.93,25.35,1.84
2022,Rīga,11.69,29.23,0.0,10.0,11.0,12.73,16.5,1.2
2022,Kurzeme,2.31,5.78,0.0,6.0,5.67,-2.73,8.51,0.62
2022,Rīga,5.2,13.0,0.0,10.0,8.8,-0.2,13.2,0.96
2022,Rīga,7.75,19.38,0.0,8.5,9.2,5.58,13.8,1.0
2022,Rīga,10.46,26.15,0.0,10.0,9.92,11.27,14.88,1.08
2022,Rīga,15.98,39.95,0.0,8.0,6.1,30.8,9.15,0.66
2022,Rīga,3.97,9.93,0.0,8.0,8.0,-2.08,12.0,0.87
2022,Zemgale,5.54,13.85,0.0,10.0,9.87,-0.95,14.81,1.08
2022,Rīga,6.05,15.13,0.0,6.0,5.85,6.35,8.78,0.64
2022,Zemgale,4.06,10.15,0.0,5.5,6.75,0.02,10.13,0.74
2022,Vidzeme,5.55,13.88,4.2,10.2,5.9,5.03,8.85,0.64
2022,Kurzeme,12.38,30.95,0.0,10.8,10.0,15.95,15.0,1.09
2022,Kurzeme,3.42,8.55,0.0,8.0,5.74,-0.06,8.61,0.63
2022,Rīga,5.77,14.43,0.0,10.0,10.14,-0.79,15.21,1.11
2022,Rīga,4.32,10.8,0.0,6.0,7.32,-0.18,10.98,0.8
2022,Vidzeme,5.21,13.03,0.0,6.0,4.89,5.69,7.34,0.53
2022,Kurzeme,3.67,9.18,0.0,10.0,11.0,-7.33,16.5,1.2
2022,Latgale,2.0,5.0,0.0,6.0,2.0,2.0,3.0,0.22
2022,Zemgale,9.25,23.13,0.0,5.52,4.87,15.82,7.31,0.53
2022,Vidzeme,3.8,9.5,0.0,3.7,3.7,3.95,5.55,0.4
2022,Kurzeme,3.96,9.9,0.0,8.0,8.0,-2.1,12.0,0.87
2022,Kurzeme,9.6,24.0,0.0,10.0,10.0,9.0,15.0,1.09
2022,Rīga,10.14,25.35,0.0,11.0,12.0,7.35,18.0,1.31
2022,Zemgale,3.81,9.53,0.0,10.0,9.66,-4.97,14.49,1.05
2022,Rīga,0.34,0.85,0.0,10.0,9.1,-12.8,13.65,0.99
2022,Rīga,6.3,15.75,5.0,11.09,3.0,11.25,4.5,0.33
2022,Rīga,4.76,11.9,0.0,5.5,4.81,4.69,7.22,0.52
2022,Rīga,6.11,15.28,0.0,10.0,10.8,-0.93,16.2,1.18
2022,Kurzeme,5.97,14.93,0.0,10.0,11.0,-1.58,16.5,1.2
2022,Rīga,5.76,14.4,0.0,8.0,8.92,1.02,13.38,0.97
2022,Rīga,9.85,24.63,0.0,10.0,10.3,9.18,15.45,1.12
2022,Rīga,6.94,17.35,0.0,8.0,7.94,5.44,11.91,0.87
2022,Rīga,10.8,27.0,0.0,8.0,5.45,18.83,8.18,0.59
2022,Rīga,3.37,8.43,0.0,4.5,4.86,1.14,7.29,0.53
2022,Rīga,10.36,25.9,0.0,8.0,8.0,13.9,12.0,0.87
2022,Zemgale,4.44,11.1,0.0,5.0,4.6,4.2,6.9,0.5
2022,Rīga,11.4,28.5,0.0,10.0,11.0,12.0,16.5,1.2
2022,Zemgale,4.96,12.4,0.0,10.0,5.67,3.9,8.51,0.62
2022,Rīga,13.76,34.4,0.0,10.0,12.16,16.16,18.24,1.33
2022,Rīga,10.01,25.03,0.0,10.0,14.0,4.03,21.0,1.53
2022,Rīga,11.35,28.38,0.0,10.8,9.45,14.2,14.18,1.03
2022,Rīga,16.08,40.2,0.0,11.0,10.8,24.0,16.2,1.18
2022,Rīga,12.0,30.0,0.0,10.0,9.9,15.15,14.85,1.08
2022,Rīga,2.89,7.23,3.0,7.0,6.21,-2.09,9.32,0.68
2022,Zemgale,2.5,6.25,0.0,8.2,7.8,-5.45,11.7,0.85
2022,Rīga,7.72,19.3,0.0,11.0,11.24,2.44,16.86,1.23
2022,Vidzeme,3.53,8.83,0.0,6.0,5.8,0.13,8.7,0.63
2022,Rīga,7.95,19.88,0.0,11.1,10.08,4.76,15.12,1.1
2022,Rīga,2.12,5.3,0.0,11.1,9.1,-8.35,13.65,0.99
2022,Kurzeme,2.75,6.88,4.0,10.0,6.0,-2.13,9.0,0.65
2022,Rīga,3.9,9.75,0.0,10.0,9.6,-4.65,14.4,1.05
2022,Latgale,5.23,13.08,0.0,6.0,5.95,4.15,8.93,0.65
2022,Vidzeme,2.29,5.73,0.0,8.65,8.65,-7.25,12.98,0.94
2022,Vidzeme,8.02,20.05,0.0,11.0,12.5,1.3,18.75,1.36
2022,Rīga,11.53,28.83,0.0,10.0,9.65,14.35,14.48,1.05
2022,Kurzeme,3.96,9.9,0.0,8.0,8.0,-2.1,12.0,0.87
2022,Rīga,12.54,31.35,0.0,6.0,4.31,24.89,6.47,0.47
2022,Rīga,2.36,5.9,0.0,10.0,10.0,-9.1,15.0,1.09
2022,Rīga,8.86,22.15,0.0,10.0,10.49,6.42,15.74,1.14
2022,Rīga,5.41,13.53,0.0,10.0,6.48,3.81,9.72,0.71
2022,Rīga,3.93,9.83,3.0,8.0,7.99,-2.16,11.99,0.87
2022,Kurzeme,7.11,17.78,0.0,6.0,6.7,7.73,10.05,0.73
2022,Rīga,5.06,12.65,0.0,8.0,6.5,2.9,9.75,0.71
2022,Vidzeme,14.91,37.28,0.0,12.0,18.0,10.28,27.0,1.96
2022,Rīga,3.6,9.0,0.0,4.0,3.7,3.45,5.55,0.4
2022,Rīga,5.06,12.65,0.0,10.0,8.3,0.2,12.45,0.9
2022,Rīga,4.64,11.6,0.0,8.0,8.47,-1.11,12.71,0.92
2022,Zemgale,4.13,10.33,0.0,8.2,8.2,-1.98,12.3,0.89
2022,Latgale,25.59,63.98,0.0,10.0,11.0,47.48,16.5,1.2
2022,Rīga,11.03,27.58,0.0,11.1,10.47,11.87,15.71,1.14
2022,Rīga,7.66,19.15,0.0,8.0,8.34,6.64,12.51,0.91
2022,Rīga,11.06,27.65,0.0,11.04,10.8,11.45,16.2,1.18
2022,Vidzeme,14.66,36.65,0.0,10.0,10.0,21.65,15.0,1.09
2022,Rīga,4.77,11.93,0.0,5.67,5.67,3.42,8.51,0.62
2022,Kurzeme,3.67,9.18,0.0,6.9,7.2,-1.63,10.8,0.78
2022,Rīga,6.75,16.88,0.0,4.0,5.93,7.98,8.9,0.65
2022,Rīga,5.72,14.3,0.0,6.24,5.78,5.63,8.67,0.63
2022,Zemgale,3.35,8.38,0.0,7.2,6.68,-1.65,10.02,0.73
2022,Rīga,4.66,11.65,0.0,8.0,5.69,3.12,8.54,0.62
2022,Rīga,6.97,17.43,0.0,8.3,7.9,5.58,11.85,0.86
2022,Zemgale,12.43,31.08,0.0,11.0,10.5,15.33,15.75,1.14
2022,Vidzeme,4.02,10.05,0.0,10.0,9.4,-4.05,14.1,1.02
2022,Rīga,4.96,12.4,0.0,8.0,6.3,2.95,9.45,0.69
2022,Latgale,1.85,4.63,0.0,11.1,14.46,-17.07,21.69,1.58
2022,Rīga,16.03,40.08,0.0,11.1,11.0,23.58,16.5,1.2
2022,Rīga,5.2,13.0,0.0,6.0,6.0,4.0,9.0,0.65
2022,Kurzeme,4.42,11.05,0.0,8.0,9.0,-2.45,13.5,0.98
2022,Rīga,9.05,22.63,0.0,10.8,10.5,6.88,15.75,1.14
2022,Rīga,6.19,15.48,0.0,8.0,8.0,3.48,12.0,0.87
2022,Rīga,3.28,8.2,0.0,11.1,11.0,-8.3,16.5,1.2
2022,Rīga,18.36,45.9,0.0,11.0,10.62,29.97,15.93,1.16
2022,Vidzeme,2.69,6.73,0.0,3.0,2.22,3.4,3.33,0.24
2022,Rīga,6.46,16.15,0.0,11.0,11.8,-1.55,17.7,1.29
2022,Zemgale,5.42,13.55,0.0,6.0,5.53,5.26,8.3,0.6
2022,Rīga,8.77,21.93,0.0,6.0,7.11,11.26,10.67,0.77
2022,Rīga,2.17,5.43,0.0,8.0,8.2,-6.88,12.3,0.89
2022,Rīga,4.8,12.0,8.5,11.1,10.8,-4.2,16.2,1.18
2022,Rīga,15.5,38.75,0.0,10.0,8.9,25.4,13.35,0.97
2022,Rīga,6.18,15.45,0.0,4.5,4.8,8.25,7.2,0.52
2022,Rīga,4.51,11.28,0.0,10.0,9.4,-2.83,14.1,1.02
2022,Rīga,2.83,7.08,0.0,6.0,5.0,-0.43,7.5,0.55
2022,Rīga,14.67,36.68,0.0,10.0,10.0,21.68,15.0,1.09
2022,Zemgale,5.56,13.9,0.0,8.0,8.0,1.9,12.0,0.87
2022,Rīga,3.37,8.43,0.0,11.0,11.0,-8.08,16.5,1.2
2022,Rīga,8.94,22.35,0.0,8.0,8.21,10.04,12.32,0.89
2022,Kurzeme,4.72,11.8,0.0,10.0,10.0,-3.2,15.0,1.09
2022,Latgale,3.45,8.63,0.0,4.0,4.13,2.43,6.2,0.45
2022,Rīga,11.15,27.88,0.0,10.0,9.8,13.18,14.7,1.07
2022,Zemgale,4.01,10.03,0.0,11.0,11.0,-6.48,16.5,1.2
2022,Kurzeme,4.17,10.43,0.0,5.0,5.09,2.79,7.64,0.55
2022,Rīga,2.75,6.88,0.0,5.5,5.49,-1.36,8.24,0.6
2022,Rīga,3.93,9.83,0.0,4.5,4.86,2.54,7.29,0.53
2022,Vidzeme,5.07,12.68,0.0,10.8,9.75,-1.95,14.63,1.06
2022,Kurzeme,2.86,7.15,0.0,11.1,11.0,-9.35,16.5,1.2
2022,Rīga,4.73,11.83,0.0,10.0,10.01,-3.19,15.02,1.09
2022,Rīga,3.85,9.63,0.0,10.0,11.1,-7.03,16.65,1.21
2022,Rīga,8.41,21.03,0.0,8.0,6.57,11.17,9.86,0.72
2022,Rīga,2.25,5.63,0.0,10.0,9.0,-7.88,13.5,0.98
2022,Zemgale,3.14,7.85,0.0,3.7,3.5,2.6,5.25,0.38
2022,Rīga,12.04,30.1,0.0,10.0,9.0,16.6,13.5,0.98
2022,Rīga,2.8,7.0,0.0,10.8,11.34,-10.01,17.01,1.24
2022,Rīga,3.25,8.13,0.0,5.0,4.7,1.08,7.05,0.51
2022,Kurzeme,3.01,7.53,0.0,4.0,4.01,1.51,6.02,0.44
2022,Vidzeme,3.68,9.2,0.0,3.7,3.7,3.65,5.55,0.4
2022,Rīga,7.54,18.85,0.0,7.29,6.2,9.55,9.3,0.68
2022,Rīga,3.88,9.7,5.0,10.0,6.4,0.1,9.6,0.7
2022,Rīga,13.2,33.0,0.0,11.0,12.5,14.25,18.75,1.36
2022,Rīga,5.09,12.73,0.0,5.0,4.3,6.28,6.45,0.47
2022,Rīga,11.51,28.78,0.0,8.0,5.45,20.6,8.18,0.59
2022,Rīga,12.39,30.98,0.0,10.0,8.3,18.53,12.45,0.9
2022,Rīga,4.61,11.53,0.0,6.0,5.39,3.44,8.09,0.59
2022,Rīga,14.92,37.3,0.0,10.18,10.5,21.55,15.75,1.14
2022,Rīga,7.8,19.5,0.0,10.0,10.42,3.87,15.63,1.14
2022,Kurzeme,4.33,10.83,0.0,8.0,6.88,0.51,10.32,0.75
2022,Rīga,17.91,44.78,0.0,11.0,10.6,28.88,15.9,1.16
2022,Zemgale,3.1,7.75,0.0,5.27,4.9,0.4,7.35,0.53
2022,Rīga,5.83,14.58,0.0,8.0,8.1,2.43,12.15,0.88
2022,Rīga,3.72,9.3,0.0,6.0,4.94,1.89,7.41,0.54
2022,Latgale,2.23,5.58,0.0,5.0,3.28,0.66,4.92,0.36
2022,Rīga,5.11,12.78,0.0,10.0,9.12,-0.9,13.68,0.99
2022,Rīga,14.97,37.43,0.0,11.0,9.0,23.93,13.5,0.98
2022,Rīga,10.19,25.48,0.0,10.0,10.0,10.48,15.0,1.09
2022,Rīga,5.91,14.78,0.0,10.0,10.93,-1.62,16.4,1.19
2022,Kurzeme,2.68,6.7,0.0,3.68,3.31,1.74,4.97,0.36
2022,Zemgale,2.1,5.25,0.0,4.0,3.2,0.45,4.8,0.35
2022,Rīga,4.05,10.13,0.0,6.0,6.34,0.62,9.51,0.69
2022,Rīga,10.31,25.78,0.0,10.92,9.82,11.05,14.73,1.07
2022,Rīga,4.17,10.43,0.0,8.0,9.51,-3.84,14.27,1.04
2022,Latgale,12.48,31.2,0.0,10.0,9.67,16.7,14.51,1.05
2022,Rīga,9.3,23.25,0.0,11.1,10.0,8.25,15.0,1.09
2022,Rīga,2.87,7.18,0.0,8.0,7.5,-4.08,11.25,0.82
2022,Rīga,3.7,9.25,0.0,8.0,7.54,-2.06,11.31,0.82
2022,Vidzeme,4.78,11.95,0.0,8.0,7.5,0.7,11.25,0.82
2022,Rīga,8.17,20.43,0.0,8.0,8.51,7.66,12.77,0.93
2022,Rīga,3.15,7.88,0.0,6.0,1.1,6.23,1.65,0.12
2022,Rīga,8.43,21.08,0.0,8.0,7.42,9.95,11.13,0.81
2022,Rīga,5.72,14.3,0.0,6.0,6.24,4.94,9.36,0.68
2022,Rīga,3.82,9.55,0.0,8.0,7.5,-1.7,11.25,0.82
2022,Rīga,8.05,20.13,0.0,10.0,9.98,5.16,14.97,1.09
2022,Rīga,3.23,8.08,0.0,7.2,6.7,-1.98,10.05,0.73
2022,Vidzeme,5.85,14.63,0.0,6.0,4768.0,-7137.38,7152.0,519.71
2022,Rīga,6.29,15.73,0.0,8.0,7.4,4.63,11.1,0.81
2022,Zemgale,3.53,8.83,0.0,5.7,5.6,0.43,8.4,0.61
2022,Vidzeme,3.05,7.63,0.0,3.7,3.6,2.23,5.4,0.39
2022,Rīga,10.0,25.0,0.0,6.75,6.75,14.88,10.13,0.74
2022,Rīga,6.06,15.15,0.0,11.0,10.0,0.15,15.0,1.09
2022,Rīga,5.54,13.85,0.0,6.0,6.45,4.18,9.68,0.7
2022,Rīga,9.75,24.38,0.0,11.0,10.95,7.95,16.43,1.19
2022,Rīga,3.95,9.88,3.0,8.0,7.99,-2.11,11.99,0.87
2022,Zemgale,3.98,9.95,0.0,11.1,6.14,0.74,9.21,0.67
2022,Rīga,5.48,13.7,0.0,10.0,10.0,-1.3,15.0,1.09
2022,Rīga,11.53,28.83,0.0,8.0,8.0,16.83,12.0,0.87
2022,Rīga,6.31,15.78,0.0,12.0,6.75,5.65,10.13,0.74
2022,Rīga,5.07,12.68,0.0,8.0,6.0,3.68,9.0,0.65
2022,Zemgale,6.18,15.45,0.0,8.0,7.56,4.11,11.34,0.82
2022,Rīga,2.78,6.95,0.0,4.5,3.34,1.94,5.01,0.36
2022,Rīga,5.42,13.55,0.0,10.0,6.04,4.49,9.06,0.66
2022,Rīga,6.05,15.13,0.0,6.0,6.2,5.83,9.3,0.68
2022,Rīga,7.54,18.85,0.0,7.29,6.2,9.55,9.3,0.68
2022,Kurzeme,5.14,12.85,0.0,10.0,10.0,-2.15,15.0,1.09
2022,Rīga,17.4,43.5,0.0,10.0,9.03,29.96,13.55,0.98
2022,Zemgale,7.14,17.85,0.0,11.0,11.33,0.85,17.0,1.23
2022,Rīga,6.25,15.63,0.0,6.0,6.24,6.27,9.36,0.68
2022,Rīga,2.89,7.23,0.0,4.0,4.45,0.55,6.68,0.49
2022,Rīga,0.65,1.63,0.0,10.0,8.0,-10.38,12.0,0.87
2022,Rīga,3.72,9.3,0.0,8.0,8.11,-2.87,12.17,0.88
2022,Rīga,7.21,18.03,0.0,13.7,11.0,1.53,16.5,1.2
2022,Zemgale,5.25,13.13,0.0,10.0,10.13,-2.07,15.2,1.1
2022,Rīga,15.31,38.28,0.0,11.07,11.68,20.76,17.52,1.27
2022,Rīga,3.85,9.63,0.0,6.0,6210.0,-9305.38,9315.0,676.89
2022,Rīga,2.52,6.3,0.0,8.0,6.5,-3.45,9.75,0.71
2022,Rīga,2.87,7.18,0.0,10.0,7.79,-4.51,11.69,0.85
2022,Zemgale,4.42,11.05,0.0,8.0,9.25,-2.83,13.88,1.01
2022,Rīga,4.88,12.2,0.0,6.0,7.0,1.7,10.5,0.76
2022,Rīga,4.79,11.98,0.0,8.2,7.4,0.88,11.1,0.81
2022,Rīga,7.56,18.9,0.0,8.0,7.44,7.74,11.16,0.81
2022,Kurzeme,4.94,12.35,0.0,10.0,11.8,-5.35,17.7,1.29
2022,Vidzeme,2.8,7.0,0.0,6.0,6.0,-2.0,9.0,0.65
2022,Rīga,5.78,14.45,0.0,6.4,6.4,4.85,9.6,0.7
2022,Kurzeme,4.3,10.75,0.0,8.0,6.9,0.4,10.35,0.75
2022,Rīga,10.1,25.25,0.0,10.0,10.22,9.92,15.33,1.11
2022,Zemgale,3.14,7.85,0.0,10.0,10.0,-7.15,15.0,1.09
2022,Vidzeme,5.12,12.8,0.0,6.0,5.4,4.7,8.1,0.59
2022,Rīga,2.1,5.25,0.0,11.09,10.0,-9.75,15.0,1.09
2022,Rīga,3.41,8.53,0.0,11.0,10.0,-6.48,15.0,1.09
2022,Rīga,4.22,10.55,0.0,10.0,9.72,-4.03,14.58,1.06
2022,Rīga,0.69,1.73,0.0,8.0,7.76,-9.92,11.64,0.85
2022,Rīga,6.78,16.95,0.0,11.0,11.0,0.45,16.5,1.2
2022,Rīga,1.95,4.88,0.0,3.0,3.2,0.07,4.8,0.35
2022,Kurzeme,8.59,21.48,0.0,11.1,10.97,5.02,16.46,1.2
2022,Rīga,6.75,16.88,0.0,10.0,8.93,3.48,13.4,0.97
2022,Kurzeme,8.44,21.1,0.0,11.1,11.1,4.45,16.65,1.21
2022,Vidzeme,8.47,21.18,0.0,8.0,8.25,8.8,12.38,0.9
2022,Kurzeme,18.39,45.98,0.0,10.0,10.46,30.29,15.69,1.14
2022,Rīga,7.02,17.55,0.0,8.25,8.25,5.18,12.38,0.9
2022,Rīga,9.83,24.58,0.0,10.92,10.0,9.58,15.0,1.09
2022,Vidzeme,4.41,11.03,0.0,6.54,6.54,1.22,9.81,0.71
2022,Rīga,8.15,20.38,0.0,11.0,9.47,6.17,14.21,1.03
2022,Rīga,3.11,7.78,0.0,3.0,2.0,4.78,3.0,0.22
2022,Rīga,4.66,11.65,0.0,6.21,6.39,2.07,9.59,0.7
2022,Rīga,7.75,19.38,0.0,8.2,8.6,6.48,12.9,0.94
2022,Rīga,1.82,4.55,0.0,4.0,3.18,-0.22,4.77,0.35
2022,Rīga,6.49,16.23,0.0,8.0,7.35,5.2,11.03,0.8
2022,Rīga,9.88,24.7,0.0,8.4,7.58,13.33,11.37,0.83
2022,Latgale,5.05,12.63,0.0,8.6,9.0,-0.88,13.5,0.98
2022,Rīga,6.45,16.13,0.0,6.4,5.92,7.25,8.88,0.65
2022,Rīga,2.88,7.2,0.0,4.0,3.32,2.22,4.98,0.36
2022,Zemgale,4.32,10.8,0.0,6.0,6.6,0.9,9.9,0.72
2022,Rīga,2.97,7.43,0.0,4.0,4.73,0.33,7.1,0.52
2022,Vidzeme,3.07,7.68,0.0,3.0,3.51,2.41,5.27,0.38
2022,Zemgale,4.25,10.63,0.0,5.0,4.8,3.43,7.2,0.52
2022,Rīga,8.1,20.25,0.0,11.1,11.25,3.38,16.88,1.23
2022,Latgale,2.23,5.58,0.0,3.0,3.0,1.08,4.5,0.33
2022,Rīga,4.84,12.1,0.0,8.0,7.74,0.49,11.61,0.84
2022,Rīga,5.42,13.55,3.0,4.0,3.75,7.93,5.63,0.41
2022,Rīga,7.26,18.15,0.0,10.0,8.7,5.1,13.05,0.95
2022,Rīga,4.03,10.08,0.0,4.8,4.04,4.02,6.06,0.44
2022,Rīga,4.31,10.78,0.0,10.0,8.0,-1.23,12.0,0.87
2022,Rīga,5.61,14.03,0.0,7.0,6.3,4.58,9.45,0.69
2022,Rīga,2.8,7.0,0.0,4.0,3.7,1.45,5.55,0.4
2022,Kurzeme,3.72,9.3,0.0,6.0,6.0,0.3,9.0,0.65
2022,Rīga,4.38,10.95,4.2,6.9,5.67,2.45,8.51,0.62
2022,Rīga,2.45,6.13,0.0,10.0,10.78,-10.05,16.17,1.18
2022,Rīga,2.83,7.08,0.0,4.0,3.91,1.21,5.87,0.43
2022,Rīga,11.72,29.3,0.0,11.1,10.05,14.23,15.08,1.1
2022,Kurzeme,7.72,19.3,0.0,10.0,10.0,4.3,15.0,1.09
2022,Rīga,4.0,10.0,0.0,7.0,5.3,2.05,7.95,0.58
2022,Rīga,7.34,18.35,0.0,11.0,11.1,1.7,16.65,1.21
2022,Rīga,4.51,11.28,0.0,11.0,11.0,-5.23,16.5,1.2
2022,Rīga,11.26,28.15,0.0,12.0,13.0,8.65,19.5,1.42
2022,Rīga,3.54,8.85,0.0,5.0,5.34,0.84,8.01,0.58
2022,Latgale,1419.4,3548.5,0.0,10.0,9.6,3534.1,14.4,1.05
2022,Rīga,3.3,8.25,0.0,6.0,6.0,-0.75,9.0,0.65
2022,Rīga,5.47,13.68,0.0,8.0,9.24,-0.19,13.86,1.01
2022,Zemgale,8.5,21.25,0.0,10.0,6.58,11.38,9.87,0.72
2022,Rīga,8.16,20.4,0.0,8.0,7.45,9.23,11.18,0.81
2022,Kurzeme,4.58,11.45,0.0,6.0,3.42,6.32,5.13,0.37
2022,Zemgale,4.57,11.43,0.0,6.0,5.3,3.48,7.95,0.58
2022,Rīga,3.9,9.75,0.0,10.0,9.63,-4.7,14.45,1.05
2022,Rīga,8.21,20.53,0.0,8.0,9.75,5.9,14.63,1.06
2022,Rīga,6.53,16.33,0.0,8.58,8.75,3.2,13.13,0.95
2022,Rīga,17.38,43.45,6.0,10.0,10.27,28.05,15.41,1.12
2022,Zemgale,6.96,17.4,0.0,10.0,10.34,1.89,15.51,1.13
2022,Kurzeme,2.76,6.9,0.0,7.0,7.0,-3.6,10.5,0.76
2022,Rīga,6.3,15.75,0.0,6.0,4.71,8.69,7.07,0.51
2022,Rīga,9.29,23.23,0.0,10.0,10.0,8.23,15.0,1.09
2022,Rīga,4.79,11.98,0.0,11.1,7.5,0.73,11.25,0.82
2022,Rīga,13.76,34.4,0.0,10.0,10.92,18.02,16.38,1.19
2022,Rīga,4.41,11.03,0.0,5.6,5.04,3.47,7.56,0.55
2022,Kurzeme,4.93,12.33,0.0,6.0,5.94,3.42,8.91,0.65
2022,Rīga,6.5,16.25,0.0,11.0,10.0,1.25,15.0,1.09
2022,Rīga,3.74,9.35,0.0,10.0,10.8,-6.85,16.2,1.18
2022,Rīga,15.72,39.3,0.0,10.0,11.42,22.17,17.13,1.24
2022,Rīga,6.4,16.0,0.0,8.1,7.65,4.53,11.48,0.83
2022,Rīga,6.0,15.0,0.0,5.55,5.0,7.5,7.5,0.55
2022,Rīga,3.81,9.53,0.0,10.0,9.0,-3.98,13.5,0.98
2022,Rīga,3.9,9.75,0.0,6.0,4.78,2.58,7.17,0.52
2022,Rīga,3.66,9.15,0.0,6.0,5.5,0.9,8.25,0.6
2022,Kurzeme,6.91,17.28,0.0,6.0,6.0,8.28,9.0,0.65
2022,Rīga,5.15,12.88,0.0,6.0,6.75,2.75,10.13,0.74
2022,Rīga,5.9,14.75,0.0,10.0,10.9,-1.6,16.35,1.19
2022,Vidzeme,6.14,15.35,0.0,5.5,5.0,7.85,7.5,0.55
2022,Rīga,6.03,15.08,0.0,8.0,7.65,3.6,11.48,0.83
2022,Rīga,9.07,22.68,0.0,9.6,9.21,8.86,13.82,1.0
2022,Rīga,7.12,17.8,0.0,10.0,8.89,4.47,13.34,0.97
2022,Rīga,3.95,9.88,0.0,8.0,8.0,-2.13,12.0,0.87
2022,Latgale,4.5,11.25,0.0,9.6,9.0,-2.25,13.5,0.98
2022,Rīga,7.01,17.53,0.0,10.1,7.0,7.03,10.5,0.76
2022,Rīga,4.98,12.45,0.0,6.0,6.17,3.2,9.26,0.67
2022,Rīga,2.69,6.73,0.0,6.0,5.47,-1.48,8.21,0.6
2022,Rīga,8.6,21.5,0.0,8.0,8.0,9.5,12.0,0.87
2022,Rīga,7.75,19.38,0.0,8.2,8.6,6.48,12.9,0.94
2022,Zemgale,6.72,16.8,0.0,8.2,8.2,4.5,12.3,0.89
2022,Rīga,6.05,15.13,0.0,8.0,8.0,3.13,12.0,0.87
2022,Kurzeme,5.05,12.63,0.0,3.68,3.68,7.11,5.52,0.4
2022,Kurzeme,1.8,4.5,0.0,3.0,3.0,0.0,4.5,0.33
2022,Rīga,3.31,8.28,0.0,4.5,4.05,2.2,6.08,0.44
2022,Rīga,8.03,20.08,0.0,10.0,8.3,7.63,12.45,0.9
2022,Rīga,12.38,30.95,0.0,11.0,11.5,13.7,17.25,1.25
2022,Rīga,4.41,11.03,0.0,4.0,4.47,4.32,6.71,0.49
2022,Rīga,8.05,20.13,0.0,6.95,7.67,8.62,11.51,0.84
2022,Zemgale,14.42,36.05,0.0,11.1,10.41,20.44,15.62,1.13
2022,Rīga,3.58,8.95,0.0,11.1,7.5,-2.3,11.25,0.82
2022,Kurzeme,6.87,17.18,0.0,8.0,6.97,6.72,10.46,0.76
2022,Rīga,8.72,21.8,0.0,8.0,7.8,10.1,11.7,0.85
2022,Rīga,4.56,11.4,0.0,8.0,5.15,3.68,7.73,0.56
2022,Rīga,5.71,14.28,0.0,10.0,7.8,2.58,11.7,0.85
2022,Zemgale,5.13,12.83,0.0,11.0,11.0,-3.68,16.5,1.2
2022,Rīga,3.63,9.08,0.0,6.0,5.47,0.87,8.21,0.6
2022,Rīga,3.31,8.28,0.0,10.0,8.77,-4.88,13.16,0.96
2022,Rīga,9.34,23.35,0.0,10.8,11.55,6.03,17.33,1.26
2022,Rīga,3.87,9.68,0.0,4.0,3.95,3.75,5.93,0.43
2022,Rīga,4.3,10.75,0.0,11.1,9.4,-3.35,14.1,1.02
2022,Rīga,4.27,10.68,0.0,6.0,4.1,4.53,6.15,0.45
2022,Kurzeme,7.98,19.95,0.0,8.0,7.54,8.64,11.31,0.82
2022,Rīga,5.28,13.2,0.0,5.55,6.14,3.99,9.21,0.67
2022,Kurzeme,3.69,9.23,0.0,2.0,1.5,6.98,2.25,0.16
2022,Rīga,2.23,5.58,0.0,8.0,2.9,1.23,4.35,0.32
2022,Rīga,8.17,20.43,0.0,10.0,11.57,3.07,17.36,1.26
2022,Rīga,8.0,20.0,0.0,6.0,5.49,11.77,8.24,0.6
2022,Kurzeme,3.02,7.55,0.0,3.6,3.62,2.12,5.43,0.39
2022,Zemgale,3.19,7.98,0.0,3.0,1.9,5.13,2.85,0.21
2022,Rīga,3.52,8.8,0.0,8.0,6.03,-0.25,9.05,0.66
2022,Rīga,4.4,11.0,0.0,5.0,5.7,2.45,8.55,0.62
2022,Rīga,7.35,18.38,0.0,9.8,9.12,4.7,13.68,0.99
2022,Rīga,0.3,0.75,0.0,3.6,3.1,-3.9,4.65,0.34
2022,Zemgale,5.46,13.65,0.0,6.0,5.13,5.96,7.7,0.56
2022,Kurzeme,3.02,7.55,0.0,10.0,9.6,-6.85,14.4,1.05
2022,Rīga,5.83,14.58,0.0,8.0,8.1,2.43,12.15,0.88
2022,Rīga,8.8,22.0,0.0,8.0,8.92,8.62,13.38,0.97
2022,Kurzeme,8.2,20.5,0.0,11.1,11.2,3.7,16.8,1.22
2022,Rīga,8.81,22.03,0.0,8.0,8.63,9.08,12.95,0.94
2022,Rīga,2.67,6.68,0.0,6.0,3.15,1.95,4.73,0.34
2022,Rīga,2.61,6.53,0.0,4.0,3.5,1.28,5.25,0.38
2022,Rīga,4.49,11.23,0.0,8.0,7.6,-0.17,11.4,0.83
2022,Zemgale,4.41,11.03,0.0,8.5,8.5,-1.73,12.75,0.93
2022,Rīga,5.62,14.05,0.0,8.0,6.7,4.0,10.05,0.73
2022,Zemgale,12.35,30.88,0.0,11.1,11.16,14.14,16.74,1.22
2022,Rīga,4.67,11.68,0.0,6.8,6.47,1.97,9.71,0.71
2022,Rīga,2.29,5.73,0.0,4.4,4.19,-0.56,6.29,0.46
2022,Kurzeme,3.87,9.68,0.0,4.0,4.7,2.63,7.05,0.51
2022,Rīga,9.78,24.45,0.0,10.0,10.63,8.51,15.95,1.16
2022,Zemgale,4.97,12.43,0.0,10.0,10.92,-3.96,16.38,1.19
2022,Rīga,14.62,36.55,0.0,10.0,9.75,21.93,14.63,1.06
2022,Rīga,5.13,12.83,0.0,8.65,7.6,1.43,11.4,0.83
2022,Rīga,3.02,7.55,0.0,6.0,4.12,1.37,6.18,0.45
2022,Zemgale,5.75,14.38,0.0,11.0,12.76,-4.77,19.14,1.39
2022,Rīga,23.3,58.25,0.0,10.0,10.48,42.53,15.72,1.14
2022,Rīga,6.15,15.38,1.7,10.0,10.17,0.12,15.26,1.11
2022,Zemgale,4.8,12.0,0.0,10.0,5.77,3.35,8.66,0.63
2022,Zemgale,12.62,31.55,0.0,10.0,9.33,17.56,14.0,1.02
2022,Rīga,5.41,13.53,0.0,10.5,10.5,-2.23,15.75,1.14
2022,Rīga,7.44,18.6,0.0,8.0,6.74,8.49,10.11,0.73
2022,Rīga,8.03,20.08,0.0,8.0,8.25,7.7,12.38,0.9
2022,Rīga,10.07,25.18,0.0,10.0,9.51,10.91,14.27,1.04
2022,Rīga,5.43,13.58,0.0,6.0,6.4,3.98,9.6,0.7
2022,Vidzeme,6.25,15.63,0.0,8.0,6.67,5.62,10.01,0.73
2022,Kurzeme,2.08,5.2,0.0,4.0,3.76,-0.44,5.64,0.41
2022,Rīga,6.58,16.45,0.0,6.0,5.4,8.35,8.1,0.59
2022,Rīga,4.42,11.05,0.0,6.0,5.07,3.45,7.61,0.55
2022,Kurzeme,5.97,14.93,0.0,10.0,12.0,-3.08,18.0,1.31
2022,Rīga,12.5,31.25,0.0,10.0,8.0,19.25,12.0,0.87
2022,Rīga,7.2,18.0,0.0,8.0,7.04,7.44,10.56,0.77
2022,Rīga,4.03,10.08,0.0,7.5,8.1,-2.08,12.15,0.88
2022,Zemgale,2.88,7.2,0.0,8.2,7.78,-4.47,11.67,0.85
2022,Latgale,2.57,6.43,0.0,3.68,3.11,1.76,4.67,0.34
2022,Rīga,0.0,0.0,0.0,7.02,0.0,0.0,0.0,0.0
2022,Zemgale,2.18,5.45,0.0,3.6,3.0,0.95,4.5,0.33
2022,Rīga,2.91,7.28,0.0,5.0,4.5,0.53,6.75,0.49
2022,Rīga,11.86,29.65,0.0,10.0,12.18,11.38,18.27,1.33
2022,Zemgale,1.01,2.53,0.0,8.0,6.63,-7.42,9.95,0.72
2022,Rīga,4.76,11.9,0.0,2.02,1.7,9.35,2.55,0.19
2022,Rīga,8.61,21.53,0.0,8.4,7.58,10.16,11.37,0.83
2022,Rīga,2.73,6.83,0.0,5.0,4.1,0.68,6.15,0.45
2022,Rīga,3.45,8.63,0.0,10.0,10.33,-6.87,15.5,1.13
2022,Rīga,8.41,21.03,0.0,6.0,5.25,13.15,7.88,0.57
2022,Zemgale,3.99,9.98,0.0,6.0,4.2,3.68,6.3,0.46
2022,Rīga,4.46,11.15,0.0,10.0,10.85,-5.13,16.28,1.18
2022,Vidzeme,3.19,7.98,0.0,4.0,3.85,2.2,5.78,0.42
2022,Rīga,4.47,11.18,0.0,6.0,6.0,2.18,9.0,0.65
2022,Latgale,4.52,11.3,0.0,6.0,5.88,2.48,8.82,0.64
2022,Rīga,4.35,10.88,0.0,11.02,9.0,-2.63,13.5,0.98
2022,Kurzeme,3.95,9.88,0.0,4.0,4.0,3.88,6.0,0.44
2022,Rīga,7.9,19.75,0.0,8.0,7.67,8.25,11.51,0.84
2022,Rīga,3.69,9.23,0.0,5.0,4.1,3.08,6.15,0.45
2022,Kurzeme,6.76,16.9,0.0,6.0,7.07,6.3,10.61,0.77
2022,Rīga,6.57,16.43,0.0,6.0,5.87,7.62,8.81,0.64
2022,Rīga,2.57,6.43,0.0,8.0,6.41,-3.19,9.62,0.7
2022,Rīga,11.38,28.45,0.0,6.0,5.6,20.05,8.4,0.61
2022,Rīga,4.53,11.33,0.0,6.0,6.24,1.97,9.36,0.68
2022,Rīga,4.41,11.03,0.0,6.0,5.1,3.38,7.65,0.56
2022,Rīga,2.55,6.38,0.0,10.0,10.9,-9.98,16.35,1.19
2022,Latgale,6.93,17.33,0.0,10.0,12.36,-1.22,18.54,1.35
2022,Rīga,4.64,11.6,0.0,6.0,4.86,4.31,7.29,0.53
2022,Kurzeme,11.29,28.23,0.0,6.95,7.0,17.73,10.5,0.76
2022,Rīga,13.47,33.68,0.0,10.0,7.96,21.74,11.94,0.87
2022,Rīga,9.16,22.9,0.0,8.0,7.37,11.85,11.06,0.8
2022,Rīga,5.86,14.65,0.0,8.0,8.25,2.28,12.38,0.9
2022,Rīga,7.97,19.93,0.0,10.1,9.2,6.13,13.8,1.0
2022,Kurzeme,2.58,6.45,0.0,10.0,10.0,-8.55,15.0,1.09
2022,Vidzeme,5.11,12.78,0.0,7.0,6.67,2.77,10.01,0.73
2022,Rīga,4.58,11.45,0.0,6.0,5.6,3.05,8.4,0.61
2022,Rīga,2.87,7.18,0.0,5.0,5.0,-0.32,7.5,0.55
2022,Zemgale,2.68,6.7,0.0,6.4,5.9,-2.15,8.85,0.64
2022,Rīga,4.77,11.93,0.0,6.0,7.0,1.43,10.5,0.76
2022,Rīga,4.98,12.45,0.0,8.0,8.9,-0.9,13.35,0.97
2022,Zemgale,5.2,13.0,0.0,6.0,6.0,4.0,9.0,0.65
2022,Rīga,3.8,9.5,0.0,6.0,6.0,0.5,9.0,0.65
2022,Latgale,3.67,9.18,0.0,4.0,4.8,1.98,7.2,0.52
2022,Latgale,9.69,24.23,0.0,8.0,8.39,11.64,12.59,0.91
2022,Latgale,2.97,7.43,0.0,3.68,3.16,2.69,4.74,0.34
2022,Rīga,7.56,18.9,0.0,6.0,6.0,9.9,9.0,0.65
2022,Rīga,6.9,17.25,0.0,8.0,7.43,6.11,11.15,0.81
2022,Rīga,6.98,17.45,0.0,6.0,6.42,7.82,9.63,0.7
2022,Latgale,5.07,12.68,0.0,4.0,5.2,4.88,7.8,0.57
2022,Zemgale,6.84,17.1,0.0,7.5,7.5,5.85,11.25,0.82
2022,Rīga,10.87,27.18,0.0,8.0,8.03,15.13,12.05,0.88
2022,Rīga,2.62,6.55,0.0,5.0,5.0,-0.95,7.5,0.55
2022,Rīga,8.97,22.43,0.0,10.0,10.79,6.24,16.19,1.18
2022,Rīga,6.95,17.38,0.0,6.0,6.4,7.78,9.6,0.7
2022,Kurzeme,4.64,11.6,0.0,5.0,5.25,3.73,7.88,0.57
2022,Kurzeme,3.94,9.85,0.0,10.0,9.2,-3.95,13.8,1.0
2022,Rīga,3.71,9.28,0.0,3.0,3.76,3.64,5.64,0.41
2022,Rīga,8.74,21.85,0.0,10.0,9.4,7.75,14.1,1.02
2022,Rīga,7.7,19.25,0.0,6.0,5.8,10.55,8.7,0.63
2022,Rīga,16.2,40.5,0.0,10.0,10.6,24.6,15.9,1.16
2022,Rīga,4.35,10.88,0.0,6.0,4.7,3.83,7.05,0.51
2022,Rīga,7.17,17.93,0.0,6.0,7.24,7.07,10.86,0.79
2022,Latgale,2.57,6.43,0.0,3.9,3.27,1.52,4.91,0.36
2022,Rīga,4.78,11.95,0.0,8.0,6.63,2.01,9.95,0.72
2022,Rīga,8.08,20.2,0.0,8.0,8.6,7.3,12.9,0.94
2022,Rīga,10.76,26.9,0.0,10.0,10.89,10.57,16.34,1.19
2022,Rīga,11.96,29.9,0.0,11.0,10.0,14.9,15.0,1.09
2022,Latgale,6.1,15.25,0.0,8.0,6.67,5.25,10.01,0.73
2022,Rīga,4.54,11.35,0.0,5.0,5.0,3.85,7.5,0.55
2022,Rīga,3.42,8.55,0.0,6.0,5.5,0.3,8.25,0.6
2022,Vidzeme,2.05,5.13,0.0,6.6,6.0,-3.88,9.0,0.65
2022,Rīga,3.93,9.83,0.0,11.0,11.1,-6.83,16.65,1.21
2022,Rīga,23.97,59.93,0.0,11.0,11.8,42.23,17.7,1.29
2022,Rīga,18.53,46.33,0.0,11.0,11.0,29.83,16.5,1.2
2022,Rīga,14.72,36.8,0.0,11.0,11.0,20.3,16.5,1.2
2022,Rīga,4.05,10.13,0.0,10.0,2.94,5.72,4.41,0.32
2022,Rīga,4.63,11.58,0.0,6.0,4.23,5.23,6.35,0.46
2022,Rīga,8.25,20.63,0.0,8.0,7.06,10.04,10.59,0.77
2022,Kurzeme,5.83,14.58,0.0,8.0,6.67,4.57,10.01,0.73
2022,Zemgale,3.05,7.63,0.0,5.0,4.0,1.63,6.0,0.44
2022,Rīga,3.33,8.33,0.0,6.0,5.76,-0.32,8.64,0.63
2022,Kurzeme,4.07,10.18,0.0,8.0,4.8,2.98,7.2,0.52
2022,Rīga,4.19,10.48,0.0,6.93,7.65,-1.0,11.48,0.83
2022,Rīga,6.28,15.7,0.0,8.3,7.18,4.93,10.77,0.78
2022,Rīga,2.98,7.45,0.4,4.0,3.01,2.94,4.52,0.33
2022,Rīga,12.86,32.15,0.0,11.0,10.0,17.15,15.0,1.09
2022,Rīga,5.83,14.58,0.0,8.0,8.0,2.58,12.0,0.87
2022,Rīga,4.49,11.23,0.0,6.0,5.85,2.45,8.78,0.64
2022,Rīga,4.96,12.4,0.0,8.0,7.2,1.6,10.8,0.78
2022,Rīga,5.36,13.4,0.0,6.0,5.81,4.69,8.72,0.63
2022,Rīga,9.9,24.75,0.0,10.0,10.18,9.48,15.27,1.11
2022,Rīga,14.75,36.88,0.0,11.1,12.0,18.88,18.0,1.31
2022,Zemgale,3.44,8.6,0.0,4.8,4.0,2.6,6.0,0.44
2022,Rīga,3.4,8.5,0.0,10.0,9.0,-5.0,13.5,0.98
2022,Rīga,10.11,25.28,0.0,11.0,10.0,10.28,15.0,1.09
2022,Zemgale,9.41,23.53,0.0,11.1,11.78,5.86,17.67,1.28
2022,Zemgale,6.53,16.33,0.0,11.0,10.65,0.35,15.98,1.16
2022,Rīga,7.34,18.35,0.0,8.0,8.58,5.48,12.87,0.94
2022,Rīga,5.77,14.43,0.0,6.0,5.28,6.51,7.92,0.58
2022,Rīga,6.07,15.18,0.0,6.0,6.16,5.94,9.24,0.67
2022,Rīga,4.12,10.3,0.0,5.0,3.9,4.45,5.85,0.43
2022,Kurzeme,6.6,16.5,0.0,7.5,6.75,6.38,10.13,0.74
2022,Rīga,5.5,13.75,0.0,6.0,5.6,5.35,8.4,0.61
2022,Rīga,6.94,17.35,0.0,10.0,11.0,0.85,16.5,1.2
2022,Rīga,4.33,10.83,0.0,6.0,5.5,2.58,8.25,0.6
2022,Rīga,3.92,9.8,0.0,6.0,5.93,0.91,8.9,0.65
2022,Rīga,5.95,14.88,0.0,10.0,9.38,0.81,14.07,1.02
2022,Rīga,6.14,15.35,0.0,8.0,7.92,3.47,11.88,0.86
2022,Rīga,3.56,8.9,0.0,6.0,5.69,0.36,8.54,0.62
2022,Rīga,7.28,18.2,0.0,4.0,3.73,12.61,5.6,0.41
2022,Rīga,3.78,9.45,0.0,4.0,4.0,3.45,6.0,0.44
2022,Rīga,3.9,9.75,0.0,10.0,8.0,-2.25,12.0,0.87
2022,Rīga,3.71,9.28,0.0,5.0,4.46,2.59,6.69,0.49
2022,Rīga,4.21,10.53,0.0,6.0,4.88,3.21,7.32,0.53
2022,Rīga,7.94,19.85,0.0,10.0,9.17,6.1,13.76,1.0
2022,Rīga,4.77,11.93,0.0,11.02,9.17,-1.83,13.76,1.0
2022,Vidzeme,6.61,16.53,0.0,6.0,4.8,9.33,7.2,0.52
2022,Rīga,9.28,23.2,0.0,8.6,8.35,10.68,12.53,0.91
2022,Rīga,7.99,19.98,0.0,8.25,0.0,19.98,0.0,0.0
2022,Rīga,7.23,18.08,0.0,6.24,5.25,10.2,7.88,0.57
2022,Rīga,3.27,8.18,0.0,3.7,0.0,8.18,0.0,0.0
2022,Rīga,15.03,37.58,0.0,11.1,10.48,21.86,15.72,1.14
2022,Rīga,3.38,8.45,0.0,3.0,3.16,3.71,4.74,0.34
2022,Rīga,6.38,15.95,0.0,8.0,8.58,3.08,12.87,0.94
2022,Rīga,17.59,43.98,0.0,10.0,9.0,30.48,13.5,0.98
2022,Rīga,6.15,15.38,1.55,10.0,0.0,15.38,0.0,0.0
2022,Rīga,4.56,11.4,0.0,5.0,4.8,4.2,7.2,0.52
2022,Rīga,8.19,20.48,0.0,8.0,7.48,9.26,11.22,0.82
2022,Zemgale,5.28,13.2,0.0,4.0,5.25,5.33,7.88,0.57
2022,Rīga,5.81,14.53,0.0,6.0,4.3,8.08,6.45,0.47
2022,Kurzeme,3.19,7.98,0.0,4.0,0.0,7.98,0.0,0.0
2022,Zemgale,7.23,18.08,0.0,8.0,8.25,5.7,12.38,0.9
2022,Kurzeme,6.07,15.18,0.0,5.55,4.68,8.16,7.02,0.51
2022,Vidzeme,1.39,3.48,0.0,2.0,1.5,1.23,2.25,0.16
2022,Zemgale,2.82,7.05,0.0,10.0,9.42,-7.08,14.13,1.03
2022,Kurzeme,4.25,10.63,0.0,6.4,5.33,2.63,8.0,0.58
2022,Rīga,5.07,12.68,0.0,8.0,0.0,12.68,0.0,0.0
2022,Rīga,2.12,5.3,0.0,5.0,3.5,0.05,5.25,0.38
2022,Rīga,9.35,23.38,0.0,10.8,11.66,5.89,17.49,1.27
2022,Rīga,2.08,5.2,0.0,6.0,5.63,-3.25,8.45,0.61
2022,Zemgale,9.97,24.93,0.0,10.0,6.55,15.1,9.83,0.71
2022,Kurzeme,2.68,6.7,0.0,4.0,3.75,1.08,5.63,0.41
2022,Kurzeme,5.49,13.73,0.0,8.0,8.25,1.35,12.38,0.9
2022,Rīga,3.76,9.4,0.0,4.0,4.5,2.65,6.75,0.49
2022,Rīga,4.18,10.45,0.0,10.0,9.5,-3.8,14.25,1.04
2022,Vidzeme,4.01,10.03,0.0,11.0,0.0,10.03,0.0,0.0
2022,Rīga,10.65,26.63,0.0,8.0,7.5,15.38,11.25,0.82
2022,Rīga,14.47,36.18,0.0,11.0,10.0,21.18,15.0,1.09
2022,Rīga,4.41,11.03,0.0,3.8,3.8,5.33,5.7,0.41
2022,Vidzeme,2.73,6.83,0.0,6.0,4.0,0.83,6.0,0.44
2022,Rīga,3.53,8.83,0.0,8.0,5.42,0.69,8.13,0.59
2022,Zemgale,4.94,12.35,0.0,8.0,7.49,1.12,11.24,0.82
2022,Rīga,4.19,10.48,0.0,4.0,4.52,3.7,6.78,0.49
2022,Rīga,5.79,14.48,3.68,8.0,7.8,2.78,11.7,0.85
2022,Latgale,2.14,5.35,0.0,4.0,,5.35,0.0,0.0
2022,Zemgale,5.0,12.5,0.0,10.0,0.0,12.5,0.0,0.0
2022,Rīga,3.84,9.6,0.0,6.0,0.0,9.6,0.0,0.0
2022,Rīga,20.0,50.0,0.0,10.0,0.0,50.0,0.0,0.0
2022,Rīga,20.85,52.13,0.0,10.0,8.52,39.35,12.78,0.93
2022,Rīga,4.83,12.08,0.0,6.0,5.4,3.98,8.1,0.59
2022,Rīga,12.83,32.08,0.0,11.1,11.9,14.23,17.85,1.3
2022,Rīga,3.79,9.48,0.0,6.0,4.37,2.92,6.56,0.48
2022,Rīga,9.7,24.25,0.0,8.0,8.0,12.25,12.0,0.87
2022,Rīga,5.83,14.58,0.0,7.0,6.67,4.57,10.01,0.73
2022,Rīga,10.3,25.75,0.0,10.0,10.79,9.57,16.19,1.18
2022,Zemgale,7.37,18.43,0.0,8.0,7.55,7.1,11.33,0.82
2022,Kurzeme,4.39,10.98,0.0,5.0,5.18,3.21,7.77,0.56
2022,Zemgale,3.27,8.18,0.0,7.0,4.0,2.18,6.0,0.44
2022,Rīga,6.95,17.38,0.0,5.0,5.82,8.65,8.73,0.63
2022,Rīga,4.71,11.78,0.0,4.0,4.7,4.73,7.05,0.51
2022,Rīga,6.94,17.35,0.0,5.0,4.6,10.45,6.9,0.5
2022,Rīga,4.39,10.98,0.0,6.0,5.36,2.94,8.04,0.58
2022,Rīga,4.61,11.53,0.0,6.0,6.42,1.9,9.63,0.7
2022,Kurzeme,10.38,25.95,0.0,8.0,9.75,11.33,14.63,1.06
2022,Rīga,10.11,25.28,0.0,10.0,10.2,9.98,15.3,1.11
2022,Rīga,3.51,8.78,0.0,10.8,10.0,-6.23,15.0,1.09
2022,Rīga,28.33,70.83,0.0,11.0,10.5,55.08,15.75,1.14
2022,Rīga,8.43,21.08,0.0,6.0,5.0,13.58,7.5,0.55
2022,Rīga,6.99,17.48,0.0,8.0,8.58,4.61,12.87,0.94
2022,Rīga,5.66,14.15,0.0,5.3,5.05,6.58,7.58,0.55
2022,Vidzeme,20.34,50.85,0.0,10.0,10.0,35.85,15.0,1.09
2022,Rīga,17.53,43.83,0.0,11.0,11.33,26.83,17.0,1.23
2022,Rīga,5.54,13.85,0.0,3.5,2.64,9.89,3.96,0.29
2022,Rīga,7.23,18.08,0.0,4.0,4.5,11.33,6.75,0.49
2022,Rīga,6.84,17.1,0.0,11.0,8.67,4.1,13.01,0.95
2022,Rīga,7.48,18.7,0.0,4.0,4.33,12.21,6.5,0.47
2022,Vidzeme,3.36,8.4,0.0,3.68,0.0,8.4,0.0,0.0
2022,Kurzeme,6.5,16.25,0.0,9.4,9.72,1.67,14.58,1.06
2022,Rīga,5.95,14.88,0.0,6.4,0.0,14.88,0.0,0.0
2022,Vidzeme,3.96,9.9,0.0,6.0,6.58,0.03,9.87,0.72
2022,Rīga,17.75,44.38,0.0,6.4,6.3,34.93,9.45,0.69
2022,Rīga,7.63,19.08,0.0,4.5,3.34,14.07,5.01,0.36
2022,Zemgale,14.37,35.93,0.0,9.0,9.72,21.35,14.58,1.06
2022,Zemgale,3.47,8.68,0.0,4.0,3.7,3.13,5.55,0.4
2022,Rīga,10.05,25.13,0.0,8.4,7.41,14.01,11.12,0.81
2022,Kurzeme,7.91,19.78,0.0,11.0,10.23,4.43,15.35,1.12
2022,Rīga,9.08,22.7,0.0,10.0,10.25,7.33,15.38,1.12
2022,Zemgale,2.75,6.88,0.0,6.4,0.0,6.88,0.0,0.0
2022,Kurzeme,6.64,16.6,0.0,10.0,10.0,1.6,15.0,1.09
2022,Zemgale,6.02,15.05,0.0,6.4,5.97,6.1,8.96,0.65
2022,Zemgale,4.7,11.75,0.0,6.8,5.74,3.14,8.61,0.63
2022,Rīga,3.47,8.68,0.0,5.6,4.7,1.63,7.05,0.51
2022,Rīga,9.87,24.68,0.0,10.0,10.8,8.48,16.2,1.18
2022,Rīga,8.99,22.48,8.0,8000.0,0.0,22.48,0.0,0.0
2022,Rīga,11.08,27.7,0.0,10.4,9.7,13.15,14.55,1.06
2022,Kurzeme,4.38,10.95,0.0,10.0,7.1,0.3,10.65,0.77
2022,Kurzeme,1.66,4.15,0.0,1.5,0.0,4.15,0.0,0.0
2022,Rīga,2.86,7.15,0.0,10.0,7.79,-4.54,11.69,0.85
2022,Zemgale,2.58,6.45,0.0,4.0,3.85,0.68,5.78,0.42
2022,Zemgale,4.39,10.98,0.0,5.6,5.11,3.31,7.67,0.56
2022,Vidzeme,2.1,5.25,0.0,6.0,5.04,-2.31,7.56,0.55
2022,Rīga,9.34,23.35,0.0,8.0,7.6,11.95,11.4,0.83
2022,Rīga,8.19,20.48,0.0,8.0,6.5,10.73,9.75,0.71
2022,Kurzeme,3.69,9.23,0.0,11.0,10.2,-6.08,15.3,1.11
2022,Rīga,6.12,15.3,0.0,5.0,4.89,7.97,7.34,0.53
2022,Rīga,3.77,9.43,0.0,10.0,10.5,-6.33,15.75,1.14
2022,Rīga,6.12,15.3,0.0,11.0,11.0,-1.2,16.5,1.2
2022,Latgale,3.65,9.13,0.0,3.6,3.6,3.73,5.4,0.39
2022,Zemgale,9.01,22.53,0.0,6.0,6.75,12.4,10.13,0.74
2022,Latgale,7.74,19.35,0.0,8.0,8.25,6.98,12.38,0.9
2022,Latgale,5.17,12.93,0.0,8.5,8.0,0.93,12.0,0.87
2022,Rīga,3.59,8.98,0.0,5.0,4.0,2.98,6.0,0.44
2022,Rīga,2.69,6.73,0.0,5.0,3.34,1.72,5.01,0.36
2022,Latgale,2.87,7.18,0.0,2.0,1.5,4.93,2.25,0.16
2022,Rīga,7.72,19.3,0.0,11.1,9.97,4.35,14.96,1.09
2022,Rīga,5.19,12.98,0.0,5.6,5.26,5.09,7.89,0.57
2022,Vidzeme,1.99,4.98,0.0,3.0,2.7,0.93,4.05,0.29
2022,Zemgale,7.27,18.18,0.0,8.0,7.43,7.03,11.15,0.81
2022,Rīga,11.74,29.35,0.0,10.0,8.36,16.81,12.54,0.91
2022,Rīga,4.79,11.98,0.0,6.0,5.03,4.43,7.55,0.55
2022,Rīga,4.33,10.83,0.0,7.2,5.88,2.01,8.82,0.64
2022,Rīga,10.22,25.55,0.0,11.0,12.68,6.53,19.02,1.38
2022,Rīga,5.6,14.0,0.0,8.0,0.0,14.0,0.0,0.0
2022,Rīga,23.63,59.08,0.0,10.5,10.5,43.33,15.75,1.14
2022,Zemgale,4.01,10.03,0.0,7.38,6.5,0.27,9.75,0.71
2022,Rīga,4.55,11.38,0.0,8.65,7.33,0.38,11.0,0.8
2022,Rīga,3.53,8.83,0.0,3.75,3.75,3.2,5.63,0.41
2022,Rīga,7.73,19.33,0.0,11.02,10.6,3.43,15.9,1.16
2022,Rīga,6.51,16.28,0.0,10.0,6.81,6.06,10.22,0.74
2022,Zemgale,2.7,6.75,0.0,8.6,8.18,-5.52,12.27,0.89
2022,Rīga,5.03,12.58,0.0,6.9,6.46,2.89,9.69,0.7
2022,Rīga,14.83,37.08,0.0,10.0,8.86,23.79,13.29,0.97
2022,Rīga,15.02,37.55,0.0,10.0,9.31,23.59,13.97,1.01
2022,Rīga,10.54,26.35,0.0,8.2,8.1,14.2,12.15,0.88
2022,Rīga,4.32,10.8,0.0,5.6,4.73,3.71,7.1,0.52
2022,Rīga,10.07,25.18,0.0,10.0,10.53,9.38,15.8,1.15
2022,Rīga,16.6,41.5,0.0,10.0,0.0,41.5,0.0,0.0
2022,Rīga,8.24,20.6,0.0,8.6,8.04,8.54,12.06,0.88
2022,Vidzeme,4.94,12.35,0.0,5.6,4.59,5.47,6.89,0.5
2022,Rīga,7.57,18.93,0.0,7.2,6.0,9.93,9.0,0.65
2022,Vidzeme,10.89,27.23,0.0,11.0,9.9,12.38,14.85,1.08
2022,Rīga,6.77,16.93,0.0,11.1,10.8,0.72,16.2,1.18
2022,Rīga,4.76,11.9,0.0,5.2,5.2,4.1,7.8,0.57
2022,Rīga,10.65,26.63,0.0,10.0,10.0,11.63,15.0,1.09
2022,Rīga,5.31,13.28,0.0,10.0,10.45,-2.4,15.68,1.14
2022,Rīga,5.22,13.05,0.0,6.0,5.45,4.88,8.18,0.59
2022,Rīga,12.09,30.23,0.0,10.8,9.0,16.73,13.5,0.98
2022,Rīga,4.0,10.0,0.0,8.5,7.5,-1.25,11.25,0.82
2022,Rīga,3.4,8.5,0.0,4.5,4.5,1.75,6.75,0.49
2022,Rīga,3.56,8.9,0.0,4.0,4.09,2.77,6.14,0.45
2022,Vidzeme,2.85,7.13,0.0,4.0,3.33,2.13,5.0,0.36
2022,Rīga,4.34,10.85,0.0,6.0,4.7,3.8,7.05,0.51
2022,Kurzeme,5.5,13.75,0.0,11.1,10.5,-2.0,15.75,1.14
2022,Rīga,8.43,21.08,0.0,8.0,10.53,5.28,15.8,1.15
2022,Kurzeme,3.93,9.83,0.0,8.0,5.25,1.95,7.88,0.57
2022,Rīga,5.22,13.05,0.0,5.0,5.0,5.55,7.5,0.55
2022,Latgale,2.55,6.38,0.0,4.74,3.38,1.31,5.07,0.37
2022,Rīga,10.6,26.5,0.0,11.1,10.54,10.69,15.81,1.15
2022,Zemgale,8.79,21.98,0.0,11.0,10.0,6.98,15.0,1.09
2022,Rīga,7.35,18.38,0.0,8.0,7.84,6.62,11.76,0.85
2022,Rīga,3.12,7.8,0.0,5.0,5.6,-0.6,8.4,0.61
2022,Rīga,5.35,13.38,0.0,8.0,7.41,2.26,11.12,0.81
2022,Rīga,6.58,16.45,0.0,10.0,12.23,-1.9,18.35,1.33
2022,Zemgale,7.59,18.98,0.0,10.4,7.79,7.29,11.69,0.85
2022,Rīga,6.96,17.4,0.0,6.0,6.4,7.8,9.6,0.7
2022,Rīga,4.2,10.5,0.0,6.4,5.3,2.55,7.95,0.58
2022,Rīga,7.89,19.73,0.0,10.0,12.0,1.73,18.0,1.31
2022,Rīga,3.76,9.4,0.0,10.0,10.0,-5.6,15.0,1.09
2022,Rīga,11.23,28.08,0.0,7.4,6.9,17.73,10.35,0.75
